-- MySQL dump 10.13  Distrib 5.6.23, for Linux (x86_64)
--
-- Host: localhost    Database: calendar
-- ------------------------------------------------------
-- Server version	5.6.23

/*!40101 SET @OLD_CHARACTER_SET_CLIENT=@@CHARACTER_SET_CLIENT */;
/*!40101 SET @OLD_CHARACTER_SET_RESULTS=@@CHARACTER_SET_RESULTS */;
/*!40101 SET @OLD_COLLATION_CONNECTION=@@COLLATION_CONNECTION */;
/*!40101 SET NAMES utf8 */;
/*!40103 SET @OLD_TIME_ZONE=@@TIME_ZONE */;
/*!40103 SET TIME_ZONE='+00:00' */;
/*!40014 SET @OLD_UNIQUE_CHECKS=@@UNIQUE_CHECKS, UNIQUE_CHECKS=0 */;
/*!40014 SET @OLD_FOREIGN_KEY_CHECKS=@@FOREIGN_KEY_CHECKS, FOREIGN_KEY_CHECKS=0 */;
/*!40101 SET @OLD_SQL_MODE=@@SQL_MODE, SQL_MODE='NO_AUTO_VALUE_ON_ZERO' */;
/*!40111 SET @OLD_SQL_NOTES=@@SQL_NOTES, SQL_NOTES=0 */;

--
-- Table structure for table `events`
--

DROP TABLE IF EXISTS `events`;
/*!40101 SET @saved_cs_client     = @@character_set_client */;
/*!40101 SET character_set_client = utf8 */;
CREATE TABLE `events` (
  `id` int(11) NOT NULL AUTO_INCREMENT,
  `title` varchar(255) COLLATE utf8_unicode_ci DEFAULT NULL,
  `description` text COLLATE utf8_unicode_ci,
  `from` datetime DEFAULT NULL,
  `to` datetime DEFAULT NULL,
  `created_at` datetime DEFAULT NULL,
  `updated_at` datetime DEFAULT NULL,
  `group_id` int(11) DEFAULT NULL,
  `repeats` int(11) DEFAULT NULL,
  `step` int(11) DEFAULT NULL,
  PRIMARY KEY (`id`)
) ENGINE=InnoDB AUTO_INCREMENT=422 DEFAULT CHARSET=utf8 COLLATE=utf8_unicode_ci;
/*!40101 SET character_set_client = @saved_cs_client */;

--
-- Dumping data for table `events`
--

LOCK TABLES `events` WRITE;
/*!40000 ALTER TABLE `events` DISABLE KEYS */;
INSERT INTO `events` VALUES (1,'МУИ','Математически Увод в Икономиката','2015-03-09 08:00:00','2015-03-09 11:00:00','2015-03-12 21:57:32','2015-03-12 21:57:32',1,15,7),(2,'МУИ','Математически Увод в Икономиката','2015-03-16 08:00:00','2015-03-16 08:00:00','2015-03-12 21:57:32','2015-03-12 21:57:32',1,15,7),(3,'МУИ','Математически Увод в Икономиката','2015-03-23 08:00:00','2015-03-23 08:00:00','2015-03-12 21:57:32','2015-03-12 21:57:32',1,15,7),(4,'МУИ','Математически Увод в Икономиката','2015-03-30 08:00:00','2015-03-30 08:00:00','2015-03-12 21:57:32','2015-03-12 21:57:32',1,15,7),(5,'МУИ','Математически Увод в Икономиката','2015-04-06 08:00:00','2015-04-06 08:00:00','2015-03-12 21:57:32','2015-03-12 21:57:32',1,15,7),(6,'МУИ','Математически Увод в Икономиката','2015-04-13 08:00:00','2015-04-13 08:00:00','2015-03-12 21:57:32','2015-03-12 21:57:32',1,15,7),(7,'МУИ','Математически Увод в Икономиката','2015-04-20 08:00:00','2015-04-20 08:00:00','2015-03-12 21:57:33','2015-03-12 21:57:33',1,15,7),(8,'МУИ','Математически Увод в Икономиката','2015-04-27 08:00:00','2015-04-27 08:00:00','2015-03-12 21:57:33','2015-03-12 21:57:33',1,15,7),(9,'МУИ','Математически Увод в Икономиката','2015-05-04 08:00:00','2015-05-04 08:00:00','2015-03-12 21:57:33','2015-03-12 21:57:33',1,15,7),(10,'МУИ','Математически Увод в Икономиката','2015-05-11 08:00:00','2015-05-11 08:00:00','2015-03-12 21:57:33','2015-03-12 21:57:33',1,15,7),(11,'МУИ','Математически Увод в Икономиката','2015-05-18 08:00:00','2015-05-18 08:00:00','2015-03-12 21:57:33','2015-03-12 21:57:33',1,15,7),(12,'МУИ','Математически Увод в Икономиката','2015-05-25 08:00:00','2015-05-25 08:00:00','2015-03-12 21:57:33','2015-03-12 21:57:33',1,15,7),(13,'МУИ','Математически Увод в Икономиката','2015-06-01 08:00:00','2015-06-01 08:00:00','2015-03-12 21:57:33','2015-03-12 21:57:33',1,15,7),(14,'МУИ','Математически Увод в Икономиката','2015-06-08 08:00:00','2015-06-08 08:00:00','2015-03-12 21:57:33','2015-03-12 21:57:33',1,15,7),(15,'МУИ','Математически Увод в Икономиката','2015-06-15 08:00:00','2015-06-15 08:00:00','2015-03-12 21:57:33','2015-03-12 21:57:33',1,15,7),(16,'МУИ','Математически Увод в Икономиката','2015-06-22 08:00:00','2015-06-22 08:00:00','2015-03-12 21:57:33','2015-03-12 21:57:33',1,15,7),(17,'ДИС II','Диференциално и Интегрално Смятане II','2015-03-09 11:00:00','2015-03-09 13:00:00','2015-03-12 21:59:19','2015-03-12 21:59:19',1,15,7),(18,'ДИС II','Диференциално и Интегрално Смятане II','2015-03-16 11:00:00','2015-03-16 11:00:00','2015-03-12 21:59:19','2015-03-12 21:59:19',1,15,7),(19,'ДИС II','Диференциално и Интегрално Смятане II','2015-03-23 11:00:00','2015-03-23 11:00:00','2015-03-12 21:59:19','2015-03-12 21:59:20',1,15,7),(20,'ДИС II','Диференциално и Интегрално Смятане II','2015-03-30 11:00:00','2015-03-30 11:00:00','2015-03-12 21:59:20','2015-03-12 21:59:20',1,15,7),(21,'ДИС II','Диференциално и Интегрално Смятане II','2015-04-06 11:00:00','2015-04-06 11:00:00','2015-03-12 21:59:20','2015-03-12 21:59:20',1,15,7),(22,'ДИС II','Диференциално и Интегрално Смятане II','2015-04-13 11:00:00','2015-04-13 11:00:00','2015-03-12 21:59:20','2015-03-12 21:59:20',1,15,7),(23,'ДИС II','Диференциално и Интегрално Смятане II','2015-04-20 11:00:00','2015-04-20 11:00:00','2015-03-12 21:59:20','2015-03-12 21:59:20',1,15,7),(24,'ДИС II','Диференциално и Интегрално Смятане II','2015-04-27 11:00:00','2015-04-27 11:00:00','2015-03-12 21:59:20','2015-03-12 21:59:20',1,15,7),(25,'ДИС II','Диференциално и Интегрално Смятане II','2015-05-04 11:00:00','2015-05-04 11:00:00','2015-03-12 21:59:20','2015-03-12 21:59:20',1,15,7),(26,'ДИС II','Диференциално и Интегрално Смятане II','2015-05-11 11:00:00','2015-05-11 11:00:00','2015-03-12 21:59:20','2015-03-12 21:59:20',1,15,7),(27,'ДИС II','Диференциално и Интегрално Смятане II','2015-05-18 11:00:00','2015-05-18 11:00:00','2015-03-12 21:59:20','2015-03-12 21:59:20',1,15,7),(28,'ДИС II','Диференциално и Интегрално Смятане II','2015-05-25 11:00:00','2015-05-25 11:00:00','2015-03-12 21:59:20','2015-03-12 21:59:20',1,15,7),(29,'ДИС II','Диференциално и Интегрално Смятане II','2015-06-01 11:00:00','2015-06-01 11:00:00','2015-03-12 21:59:20','2015-03-12 21:59:20',1,15,7),(30,'ДИС II','Диференциално и Интегрално Смятане II','2015-06-08 11:00:00','2015-06-08 11:00:00','2015-03-12 21:59:20','2015-03-12 21:59:20',1,15,7),(31,'ДИС II','Диференциално и Интегрално Смятане II','2015-06-15 11:00:00','2015-06-15 11:00:00','2015-03-12 21:59:20','2015-03-12 21:59:21',1,15,7),(32,'ДИС II','Диференциално и Интегрално Смятане II','2015-06-22 11:00:00','2015-06-22 11:00:00','2015-03-12 21:59:21','2015-03-12 21:59:21',1,15,7),(33,'ВА','Висша Алгебра','2015-03-09 13:00:00','2015-03-09 16:00:00','2015-03-12 22:00:09','2015-03-12 22:00:10',1,15,7),(34,'ВА','Висша Алгебра','2015-03-16 13:00:00','2015-03-16 13:00:00','2015-03-12 22:00:10','2015-03-12 22:00:10',1,15,7),(35,'ВА','Висша Алгебра','2015-03-23 13:00:00','2015-03-23 13:00:00','2015-03-12 22:00:10','2015-03-12 22:00:10',1,15,7),(36,'ВА','Висша Алгебра','2015-03-30 13:00:00','2015-03-30 13:00:00','2015-03-12 22:00:10','2015-03-12 22:00:10',1,15,7),(37,'ВА','Висша Алгебра','2015-04-06 13:00:00','2015-04-06 13:00:00','2015-03-12 22:00:10','2015-03-12 22:00:10',1,15,7),(38,'ВА','Висша Алгебра','2015-04-13 13:00:00','2015-04-13 13:00:00','2015-03-12 22:00:10','2015-03-12 22:00:10',1,15,7),(39,'ВА','Висша Алгебра','2015-04-20 13:00:00','2015-04-20 13:00:00','2015-03-12 22:00:10','2015-03-12 22:00:10',1,15,7),(40,'ВА','Висша Алгебра','2015-04-27 13:00:00','2015-04-27 13:00:00','2015-03-12 22:00:10','2015-03-12 22:00:10',1,15,7),(41,'ВА','Висша Алгебра','2015-05-04 13:00:00','2015-05-04 13:00:00','2015-03-12 22:00:10','2015-03-12 22:00:10',1,15,7),(42,'ВА','Висша Алгебра','2015-05-11 13:00:00','2015-05-11 13:00:00','2015-03-12 22:00:11','2015-03-12 22:00:11',1,15,7),(43,'ВА','Висша Алгебра','2015-05-18 13:00:00','2015-05-18 13:00:00','2015-03-12 22:00:11','2015-03-12 22:00:11',1,15,7),(44,'ВА','Висша Алгебра','2015-05-25 13:00:00','2015-05-25 13:00:00','2015-03-12 22:00:11','2015-03-12 22:00:11',1,15,7),(45,'ВА','Висша Алгебра','2015-06-01 13:00:00','2015-06-01 13:00:00','2015-03-12 22:00:11','2015-03-12 22:00:11',1,15,7),(46,'ВА','Висша Алгебра','2015-06-08 13:00:00','2015-06-08 13:00:00','2015-03-12 22:00:11','2015-03-12 22:00:11',1,15,7),(47,'ВА','Висша Алгебра','2015-06-15 13:00:00','2015-06-15 13:00:00','2015-03-12 22:00:11','2015-03-12 22:00:11',1,15,7),(48,'ВА','Висша Алгебра','2015-06-22 13:00:00','2015-06-22 13:00:00','2015-03-12 22:00:11','2015-03-12 22:00:11',1,15,7),(49,'ид СДП','Избираема Дисциплина при Бойлера','2015-03-10 09:00:00','2015-03-10 11:00:00','2015-03-12 22:02:38','2015-03-12 22:02:38',1,15,7),(50,'ид СДП','Избираема Дисциплина при Бойлера','2015-03-17 09:00:00','2015-03-17 09:00:00','2015-03-12 22:02:38','2015-03-12 22:02:38',1,15,7),(51,'ид СДП','Избираема Дисциплина при Бойлера','2015-03-24 09:00:00','2015-03-24 09:00:00','2015-03-12 22:02:38','2015-03-12 22:02:39',1,15,7),(52,'ид СДП','Избираема Дисциплина при Бойлера','2015-03-31 09:00:00','2015-03-31 09:00:00','2015-03-12 22:02:39','2015-03-12 22:02:39',1,15,7),(53,'ид СДП','Избираема Дисциплина при Бойлера','2015-04-07 09:00:00','2015-04-07 09:00:00','2015-03-12 22:02:39','2015-03-12 22:02:39',1,15,7),(54,'ид СДП','Избираема Дисциплина при Бойлера','2015-04-14 09:00:00','2015-04-14 09:00:00','2015-03-12 22:02:39','2015-03-12 22:02:39',1,15,7),(55,'ид СДП','Избираема Дисциплина при Бойлера','2015-04-21 09:00:00','2015-04-21 09:00:00','2015-03-12 22:02:39','2015-03-12 22:02:39',1,15,7),(56,'ид СДП','Избираема Дисциплина при Бойлера','2015-04-28 09:00:00','2015-04-28 09:00:00','2015-03-12 22:02:39','2015-03-12 22:02:39',1,15,7),(57,'ид СДП','Избираема Дисциплина при Бойлера','2015-05-05 09:00:00','2015-05-05 09:00:00','2015-03-12 22:02:39','2015-03-12 22:02:39',1,15,7),(58,'ид СДП','Избираема Дисциплина при Бойлера','2015-05-12 09:00:00','2015-05-12 09:00:00','2015-03-12 22:02:39','2015-03-12 22:02:39',1,15,7),(59,'ид СДП','Избираема Дисциплина при Бойлера','2015-05-19 09:00:00','2015-05-19 09:00:00','2015-03-12 22:02:39','2015-03-12 22:02:39',1,15,7),(60,'ид СДП','Избираема Дисциплина при Бойлера','2015-05-26 09:00:00','2015-05-26 09:00:00','2015-03-12 22:02:39','2015-03-12 22:02:39',1,15,7),(61,'ид СДП','Избираема Дисциплина при Бойлера','2015-06-02 09:00:00','2015-06-02 09:00:00','2015-03-12 22:02:39','2015-03-12 22:02:39',1,15,7),(62,'ид СДП','Избираема Дисциплина при Бойлера','2015-06-09 09:00:00','2015-06-09 09:00:00','2015-03-12 22:02:39','2015-03-12 22:02:40',1,15,7),(63,'ид СДП','Избираема Дисциплина при Бойлера','2015-06-16 09:00:00','2015-06-16 09:00:00','2015-03-12 22:02:40','2015-03-12 22:02:40',1,15,7),(64,'ид СДП','Избираема Дисциплина при Бойлера','2015-06-23 09:00:00','2015-06-23 09:00:00','2015-03-12 22:02:40','2015-03-12 22:02:40',1,15,7),(65,'АЕ 1','Английски Език','2015-03-10 11:00:00','2015-03-10 13:00:00','2015-03-12 22:03:23','2015-03-12 22:03:24',1,15,7),(66,'АЕ 1','Английски Език','2015-03-17 11:00:00','2015-03-17 11:00:00','2015-03-12 22:03:24','2015-03-12 22:03:24',1,15,7),(67,'АЕ 1','Английски Език','2015-03-24 11:00:00','2015-03-24 11:00:00','2015-03-12 22:03:24','2015-03-12 22:03:24',1,15,7),(68,'АЕ 1','Английски Език','2015-03-31 11:00:00','2015-03-31 11:00:00','2015-03-12 22:03:24','2015-03-12 22:03:24',1,15,7),(69,'АЕ 1','Английски Език','2015-04-07 11:00:00','2015-04-07 11:00:00','2015-03-12 22:03:24','2015-03-12 22:03:24',1,15,7),(70,'АЕ 1','Английски Език','2015-04-14 11:00:00','2015-04-14 11:00:00','2015-03-12 22:03:24','2015-03-12 22:03:24',1,15,7),(71,'АЕ 1','Английски Език','2015-04-21 11:00:00','2015-04-21 11:00:00','2015-03-12 22:03:24','2015-03-12 22:03:24',1,15,7),(72,'АЕ 1','Английски Език','2015-04-28 11:00:00','2015-04-28 11:00:00','2015-03-12 22:03:24','2015-03-12 22:03:24',1,15,7),(73,'АЕ 1','Английски Език','2015-05-05 11:00:00','2015-05-05 11:00:00','2015-03-12 22:03:24','2015-03-12 22:03:24',1,15,7),(74,'АЕ 1','Английски Език','2015-05-12 11:00:00','2015-05-12 11:00:00','2015-03-12 22:03:24','2015-03-12 22:03:24',1,15,7),(75,'АЕ 1','Английски Език','2015-05-19 11:00:00','2015-05-19 11:00:00','2015-03-12 22:03:24','2015-03-12 22:03:25',1,15,7),(76,'АЕ 1','Английски Език','2015-05-26 11:00:00','2015-05-26 11:00:00','2015-03-12 22:03:25','2015-03-12 22:03:25',1,15,7),(77,'АЕ 1','Английски Език','2015-06-02 11:00:00','2015-06-02 11:00:00','2015-03-12 22:03:25','2015-03-12 22:03:25',1,15,7),(78,'АЕ 1','Английски Език','2015-06-09 11:00:00','2015-06-09 11:00:00','2015-03-12 22:03:25','2015-03-12 22:03:25',1,15,7),(79,'АЕ 1','Английски Език','2015-06-16 11:00:00','2015-06-16 11:00:00','2015-03-12 22:03:25','2015-03-12 22:03:25',1,15,7),(80,'АЕ 1','Английски Език','2015-06-23 11:00:00','2015-06-23 11:00:00','2015-03-12 22:03:25','2015-03-12 22:03:25',1,15,7),(81,'СДП','Структури от Данни и Програмиране','2015-03-10 13:00:00','2015-03-10 15:00:00','2015-03-12 22:04:17','2015-03-12 22:04:18',1,15,7),(82,'СДП','Структури от Данни и Програмиране','2015-03-17 13:00:00','2015-03-17 13:00:00','2015-03-12 22:04:18','2015-03-12 22:04:18',1,15,7),(83,'СДП','Структури от Данни и Програмиране','2015-03-24 13:00:00','2015-03-24 13:00:00','2015-03-12 22:04:18','2015-03-12 22:04:18',1,15,7),(84,'СДП','Структури от Данни и Програмиране','2015-03-31 13:00:00','2015-03-31 13:00:00','2015-03-12 22:04:18','2015-03-12 22:04:18',1,15,7),(85,'СДП','Структури от Данни и Програмиране','2015-04-07 13:00:00','2015-04-07 13:00:00','2015-03-12 22:04:18','2015-03-12 22:04:18',1,15,7),(86,'СДП','Структури от Данни и Програмиране','2015-04-14 13:00:00','2015-04-14 13:00:00','2015-03-12 22:04:18','2015-03-12 22:04:18',1,15,7),(87,'СДП','Структури от Данни и Програмиране','2015-04-21 13:00:00','2015-04-21 13:00:00','2015-03-12 22:04:18','2015-03-12 22:04:18',1,15,7),(88,'СДП','Структури от Данни и Програмиране','2015-04-28 13:00:00','2015-04-28 13:00:00','2015-03-12 22:04:18','2015-03-12 22:04:18',1,15,7),(89,'СДП','Структури от Данни и Програмиране','2015-05-05 13:00:00','2015-05-05 13:00:00','2015-03-12 22:04:18','2015-03-12 22:04:18',1,15,7),(90,'СДП','Структури от Данни и Програмиране','2015-05-12 13:00:00','2015-05-12 13:00:00','2015-03-12 22:04:18','2015-03-12 22:04:18',1,15,7),(91,'СДП','Структури от Данни и Програмиране','2015-05-19 13:00:00','2015-05-19 13:00:00','2015-03-12 22:04:18','2015-03-12 22:04:18',1,15,7),(92,'СДП','Структури от Данни и Програмиране','2015-05-26 13:00:00','2015-05-26 13:00:00','2015-03-12 22:04:19','2015-03-12 22:04:19',1,15,7),(93,'СДП','Структури от Данни и Програмиране','2015-06-02 13:00:00','2015-06-02 13:00:00','2015-03-12 22:04:19','2015-03-12 22:04:19',1,15,7),(94,'СДП','Структури от Данни и Програмиране','2015-06-09 13:00:00','2015-06-09 13:00:00','2015-03-12 22:04:19','2015-03-12 22:04:19',1,15,7),(95,'СДП','Структури от Данни и Програмиране','2015-06-16 13:00:00','2015-06-16 13:00:00','2015-03-12 22:04:19','2015-03-12 22:04:19',1,15,7),(96,'СДП','Структури от Данни и Програмиране','2015-06-23 13:00:00','2015-06-23 13:00:00','2015-03-12 22:04:19','2015-03-12 22:04:19',1,15,7),(113,'Практика СДП','Безсмислено ходене до ФМИ','2015-03-10 18:00:00','2015-03-10 20:00:00','2015-03-12 22:07:33','2015-03-12 22:07:33',1,15,7),(114,'Практика СДП','Безсмислено ходене до ФМИ','2015-03-17 18:00:00','2015-03-17 18:00:00','2015-03-12 22:07:33','2015-03-12 22:07:33',1,15,7),(115,'Практика СДП','Безсмислено ходене до ФМИ','2015-03-24 18:00:00','2015-03-24 18:00:00','2015-03-12 22:07:33','2015-03-12 22:07:33',1,15,7),(116,'Практика СДП','Безсмислено ходене до ФМИ','2015-03-31 18:00:00','2015-03-31 18:00:00','2015-03-12 22:07:33','2015-03-12 22:07:33',1,15,7),(117,'Практика СДП','Безсмислено ходене до ФМИ','2015-04-07 18:00:00','2015-04-07 18:00:00','2015-03-12 22:07:33','2015-03-12 22:07:33',1,15,7),(118,'Практика СДП','Безсмислено ходене до ФМИ','2015-04-14 18:00:00','2015-04-14 18:00:00','2015-03-12 22:07:33','2015-03-12 22:07:33',1,15,7),(119,'Практика СДП','Безсмислено ходене до ФМИ','2015-04-21 18:00:00','2015-04-21 18:00:00','2015-03-12 22:07:33','2015-03-12 22:07:33',1,15,7),(120,'Практика СДП','Безсмислено ходене до ФМИ','2015-04-28 18:00:00','2015-04-28 18:00:00','2015-03-12 22:07:33','2015-03-12 22:07:34',1,15,7),(121,'Практика СДП','Безсмислено ходене до ФМИ','2015-05-05 18:00:00','2015-05-05 18:00:00','2015-03-12 22:07:34','2015-03-12 22:07:34',1,15,7),(122,'Практика СДП','Безсмислено ходене до ФМИ','2015-05-12 18:00:00','2015-05-12 18:00:00','2015-03-12 22:07:34','2015-03-12 22:07:34',1,15,7),(123,'Практика СДП','Безсмислено ходене до ФМИ','2015-05-19 18:00:00','2015-05-19 18:00:00','2015-03-12 22:07:34','2015-03-12 22:07:34',1,15,7),(124,'Практика СДП','Безсмислено ходене до ФМИ','2015-05-26 18:00:00','2015-05-26 18:00:00','2015-03-12 22:07:34','2015-03-12 22:07:34',1,15,7),(125,'Практика СДП','Безсмислено ходене до ФМИ','2015-06-02 18:00:00','2015-06-02 18:00:00','2015-03-12 22:07:34','2015-03-12 22:07:34',1,15,7),(126,'Практика СДП','Безсмислено ходене до ФМИ','2015-06-09 18:00:00','2015-06-09 18:00:00','2015-03-12 22:07:34','2015-03-12 22:07:34',1,15,7),(127,'Практика СДП','Безсмислено ходене до ФМИ','2015-06-16 18:00:00','2015-06-16 18:00:00','2015-03-12 22:07:34','2015-03-12 22:07:34',1,15,7),(128,'Практика СДП','Безсмислено ходене до ФМИ','2015-06-23 18:00:00','2015-06-23 18:00:00','2015-03-12 22:07:34','2015-03-12 22:07:34',1,15,7),(129,'ДИС II','Упражнение, което няма да разбера','2015-03-11 09:00:00','2015-03-11 13:00:00','2015-03-12 22:09:01','2015-03-12 22:09:02',1,15,7),(130,'ДИС II','Упражнение, което няма да разбера','2015-03-18 09:00:00','2015-03-18 09:00:00','2015-03-12 22:09:02','2015-03-12 22:09:02',1,15,7),(131,'ДИС II','Упражнение, което няма да разбера','2015-03-25 09:00:00','2015-03-25 09:00:00','2015-03-12 22:09:02','2015-03-12 22:09:02',1,15,7),(132,'ДИС II','Упражнение, което няма да разбера','2015-04-01 09:00:00','2015-04-01 09:00:00','2015-03-12 22:09:02','2015-03-12 22:09:02',1,15,7),(133,'ДИС II','Упражнение, което няма да разбера','2015-04-08 09:00:00','2015-04-08 09:00:00','2015-03-12 22:09:02','2015-03-12 22:09:02',1,15,7),(134,'ДИС II','Упражнение, което няма да разбера','2015-04-15 09:00:00','2015-04-15 09:00:00','2015-03-12 22:09:02','2015-03-12 22:09:02',1,15,7),(135,'ДИС II','Упражнение, което няма да разбера','2015-04-22 09:00:00','2015-04-22 09:00:00','2015-03-12 22:09:02','2015-03-12 22:09:02',1,15,7),(136,'ДИС II','Упражнение, което няма да разбера','2015-04-29 09:00:00','2015-04-29 09:00:00','2015-03-12 22:09:02','2015-03-12 22:09:02',1,15,7),(137,'ДИС II','Упражнение, което няма да разбера','2015-05-06 09:00:00','2015-05-06 09:00:00','2015-03-12 22:09:02','2015-03-12 22:09:02',1,15,7),(138,'ДИС II','Упражнение, което няма да разбера','2015-05-13 09:00:00','2015-05-13 09:00:00','2015-03-12 22:09:02','2015-03-12 22:09:02',1,15,7),(139,'ДИС II','Упражнение, което няма да разбера','2015-05-20 09:00:00','2015-05-20 09:00:00','2015-03-12 22:09:02','2015-03-12 22:09:02',1,15,7),(140,'ДИС II','Упражнение, което няма да разбера','2015-05-27 09:00:00','2015-05-27 09:00:00','2015-03-12 22:09:03','2015-03-12 22:09:03',1,15,7),(141,'ДИС II','Упражнение, което няма да разбера','2015-06-03 09:00:00','2015-06-03 09:00:00','2015-03-12 22:09:03','2015-03-12 22:09:03',1,15,7),(142,'ДИС II','Упражнение, което няма да разбера','2015-06-10 09:00:00','2015-06-10 09:00:00','2015-03-12 22:09:03','2015-03-12 22:09:03',1,15,7),(143,'ДИС II','Упражнение, което няма да разбера','2015-06-17 09:00:00','2015-06-17 09:00:00','2015-03-12 22:09:03','2015-03-12 22:09:03',1,15,7),(144,'ДИС II','Упражнение, което няма да разбера','2015-06-24 09:00:00','2015-06-24 09:00:00','2015-03-12 22:09:03','2015-03-12 22:09:03',1,15,7),(145,'ДИС II','Лекция, от която абсолютно нищо не вдявам','2015-03-12 10:00:00','2015-03-12 12:00:00','2015-03-12 22:10:04','2015-03-12 22:10:04',1,15,7),(146,'ДИС II','Лекция, от която абсолютно нищо не вдявам','2015-03-19 10:00:00','2015-03-19 10:00:00','2015-03-12 22:10:05','2015-03-12 22:10:05',1,15,7),(147,'ДИС II','Лекция, от която абсолютно нищо не вдявам','2015-03-26 10:00:00','2015-03-26 10:00:00','2015-03-12 22:10:05','2015-03-12 22:10:05',1,15,7),(148,'ДИС II','Лекция, от която абсолютно нищо не вдявам','2015-04-02 10:00:00','2015-04-02 10:00:00','2015-03-12 22:10:05','2015-03-12 22:10:05',1,15,7),(149,'ДИС II','Лекция, от която абсолютно нищо не вдявам','2015-04-09 10:00:00','2015-04-09 10:00:00','2015-03-12 22:10:05','2015-03-12 22:10:05',1,15,7),(150,'ДИС II','Лекция, от която абсолютно нищо не вдявам','2015-04-16 10:00:00','2015-04-16 10:00:00','2015-03-12 22:10:05','2015-03-12 22:10:05',1,15,7),(151,'ДИС II','Лекция, от която абсолютно нищо не вдявам','2015-04-23 10:00:00','2015-04-23 10:00:00','2015-03-12 22:10:05','2015-03-12 22:10:05',1,15,7),(152,'ДИС II','Лекция, от която абсолютно нищо не вдявам','2015-04-30 10:00:00','2015-04-30 10:00:00','2015-03-12 22:10:05','2015-03-12 22:10:05',1,15,7),(153,'ДИС II','Лекция, от която абсолютно нищо не вдявам','2015-05-07 10:00:00','2015-05-07 10:00:00','2015-03-12 22:10:05','2015-03-12 22:10:05',1,15,7),(154,'ДИС II','Лекция, от която абсолютно нищо не вдявам','2015-05-14 10:00:00','2015-05-14 10:00:00','2015-03-12 22:10:05','2015-03-12 22:10:06',1,15,7),(155,'ДИС II','Лекция, от която абсолютно нищо не вдявам','2015-05-21 10:00:00','2015-05-21 10:00:00','2015-03-12 22:10:06','2015-03-12 22:10:06',1,15,7),(156,'ДИС II','Лекция, от която абсолютно нищо не вдявам','2015-05-28 10:00:00','2015-05-28 10:00:00','2015-03-12 22:10:06','2015-03-12 22:10:06',1,15,7),(157,'ДИС II','Лекция, от която абсолютно нищо не вдявам','2015-06-04 10:00:00','2015-06-04 10:00:00','2015-03-12 22:10:06','2015-03-12 22:10:06',1,15,7),(158,'ДИС II','Лекция, от която абсолютно нищо не вдявам','2015-06-11 10:00:00','2015-06-11 10:00:00','2015-03-12 22:10:06','2015-03-12 22:10:06',1,15,7),(159,'ДИС II','Лекция, от която абсолютно нищо не вдявам','2015-06-18 10:00:00','2015-06-18 10:00:00','2015-03-12 22:10:06','2015-03-12 22:10:06',1,15,7),(160,'ДИС II','Лекция, от която абсолютно нищо не вдявам','2015-06-25 10:00:00','2015-06-25 10:00:00','2015-03-12 22:10:06','2015-03-12 22:10:06',1,15,7),(161,'ВА','За тоя асистент всичко е очевидно и тривиално и нищо няма смисъл да се обяснява...','2015-03-12 12:00:00','2015-03-12 15:00:00','2015-03-12 22:11:11','2015-03-12 22:11:11',1,15,7),(162,'ВА','За тоя асистент всичко е очевидно и тривиално и нищо няма смисъл да се обяснява...','2015-03-19 12:00:00','2015-03-19 12:00:00','2015-03-12 22:11:11','2015-03-12 22:11:11',1,15,7),(163,'ВА','За тоя асистент всичко е очевидно и тривиално и нищо няма смисъл да се обяснява...','2015-03-26 12:00:00','2015-03-26 12:00:00','2015-03-12 22:11:11','2015-03-12 22:11:11',1,15,7),(164,'ВА','За тоя асистент всичко е очевидно и тривиално и нищо няма смисъл да се обяснява...','2015-04-02 12:00:00','2015-04-02 12:00:00','2015-03-12 22:11:11','2015-03-12 22:11:11',1,15,7),(165,'ВА','За тоя асистент всичко е очевидно и тривиално и нищо няма смисъл да се обяснява...','2015-04-09 12:00:00','2015-04-09 12:00:00','2015-03-12 22:11:11','2015-03-12 22:11:11',1,15,7),(166,'ВА','За тоя асистент всичко е очевидно и тривиално и нищо няма смисъл да се обяснява...','2015-04-16 12:00:00','2015-04-16 12:00:00','2015-03-12 22:11:11','2015-03-12 22:11:12',1,15,7),(167,'ВА','За тоя асистент всичко е очевидно и тривиално и нищо няма смисъл да се обяснява...','2015-04-23 12:00:00','2015-04-23 12:00:00','2015-03-12 22:11:12','2015-03-12 22:11:12',1,15,7),(168,'ВА','За тоя асистент всичко е очевидно и тривиално и нищо няма смисъл да се обяснява...','2015-04-30 12:00:00','2015-04-30 12:00:00','2015-03-12 22:11:12','2015-03-12 22:11:12',1,15,7),(169,'ВА','За тоя асистент всичко е очевидно и тривиално и нищо няма смисъл да се обяснява...','2015-05-07 12:00:00','2015-05-07 12:00:00','2015-03-12 22:11:12','2015-03-12 22:11:12',1,15,7),(170,'ВА','За тоя асистент всичко е очевидно и тривиално и нищо няма смисъл да се обяснява...','2015-05-14 12:00:00','2015-05-14 12:00:00','2015-03-12 22:11:12','2015-03-12 22:11:12',1,15,7),(171,'ВА','За тоя асистент всичко е очевидно и тривиално и нищо няма смисъл да се обяснява...','2015-05-21 12:00:00','2015-05-21 12:00:00','2015-03-12 22:11:12','2015-03-12 22:11:12',1,15,7),(172,'ВА','За тоя асистент всичко е очевидно и тривиално и нищо няма смисъл да се обяснява...','2015-05-28 12:00:00','2015-05-28 12:00:00','2015-03-12 22:11:12','2015-03-12 22:11:12',1,15,7),(173,'ВА','За тоя асистент всичко е очевидно и тривиално и нищо няма смисъл да се обяснява...','2015-06-04 12:00:00','2015-06-04 12:00:00','2015-03-12 22:11:12','2015-03-12 22:11:12',1,15,7),(174,'ВА','За тоя асистент всичко е очевидно и тривиално и нищо няма смисъл да се обяснява...','2015-06-11 12:00:00','2015-06-11 12:00:00','2015-03-12 22:11:12','2015-03-12 22:11:12',1,15,7),(175,'ВА','За тоя асистент всичко е очевидно и тривиално и нищо няма смисъл да се обяснява...','2015-06-18 12:00:00','2015-06-18 12:00:00','2015-03-12 22:11:12','2015-03-12 22:11:12',1,15,7),(176,'ВА','За тоя асистент всичко е очевидно и тривиално и нищо няма смисъл да се обяснява...','2015-06-25 12:00:00','2015-06-25 12:00:00','2015-03-12 22:11:12','2015-03-12 22:11:13',1,15,7),(177,'Python','Единствения предмет, в който виждам някакъв смисъл','2015-03-09 19:00:00','2015-03-09 21:00:00','2015-03-12 22:12:23','2015-03-12 22:12:23',1,15,7),(178,'Python','Единствения предмет, в който виждам някакъв смисъл','2015-03-16 19:00:00','2015-03-16 19:00:00','2015-03-12 22:12:23','2015-03-12 22:12:23',1,15,7),(179,'Python','Единствения предмет, в който виждам някакъв смисъл','2015-03-23 19:00:00','2015-03-23 19:00:00','2015-03-12 22:12:23','2015-03-12 22:12:23',1,15,7),(180,'Python','Единствения предмет, в който виждам някакъв смисъл','2015-03-30 19:00:00','2015-03-30 19:00:00','2015-03-12 22:12:23','2015-03-12 22:12:24',1,15,7),(181,'Python','Единствения предмет, в който виждам някакъв смисъл','2015-04-06 19:00:00','2015-04-06 19:00:00','2015-03-12 22:12:24','2015-03-12 22:12:24',1,15,7),(182,'Python','Единствения предмет, в който виждам някакъв смисъл','2015-04-13 19:00:00','2015-04-13 19:00:00','2015-03-12 22:12:24','2015-03-12 22:12:24',1,15,7),(183,'Python','Единствения предмет, в който виждам някакъв смисъл','2015-04-20 19:00:00','2015-04-20 19:00:00','2015-03-12 22:12:24','2015-03-12 22:12:24',1,15,7),(184,'Python','Единствения предмет, в който виждам някакъв смисъл','2015-04-27 19:00:00','2015-04-27 19:00:00','2015-03-12 22:12:24','2015-03-12 22:12:24',1,15,7),(185,'Python','Единствения предмет, в който виждам някакъв смисъл','2015-05-04 19:00:00','2015-05-04 19:00:00','2015-03-12 22:12:24','2015-03-12 22:12:24',1,15,7),(186,'Python','Единствения предмет, в който виждам някакъв смисъл','2015-05-11 19:00:00','2015-05-11 19:00:00','2015-03-12 22:12:24','2015-03-12 22:12:24',1,15,7),(187,'Python','Единствения предмет, в който виждам някакъв смисъл','2015-05-18 19:00:00','2015-05-18 19:00:00','2015-03-12 22:12:24','2015-03-12 22:12:24',1,15,7),(188,'Python','Единствения предмет, в който виждам някакъв смисъл','2015-05-25 19:00:00','2015-05-25 19:00:00','2015-03-12 22:12:24','2015-03-12 22:12:24',1,15,7),(189,'Python','Единствения предмет, в който виждам някакъв смисъл','2015-06-01 19:00:00','2015-06-01 19:00:00','2015-03-12 22:12:24','2015-03-12 22:12:24',1,15,7),(190,'Python','Единствения предмет, в който виждам някакъв смисъл','2015-06-08 19:00:00','2015-06-08 19:00:00','2015-03-12 22:12:24','2015-03-12 22:12:24',1,15,7),(191,'Python','Единствения предмет, в който виждам някакъв смисъл','2015-06-15 19:00:00','2015-06-15 19:00:00','2015-03-12 22:12:24','2015-03-12 22:12:24',1,15,7),(192,'Python','Единствения предмет, в който виждам някакъв смисъл','2015-06-22 19:00:00','2015-06-22 19:00:00','2015-03-12 22:12:24','2015-03-12 22:12:24',1,15,7),(193,'Python','Поне си струва','2015-03-11 19:00:00','2015-03-11 21:00:00','2015-03-12 22:13:04','2015-03-12 22:13:04',1,15,7),(194,'Python','Поне си струва','2015-03-18 19:00:00','2015-03-18 19:00:00','2015-03-12 22:13:05','2015-03-12 22:13:05',1,15,7),(195,'Python','Поне си струва','2015-03-25 19:00:00','2015-03-25 19:00:00','2015-03-12 22:13:05','2015-03-12 22:13:05',1,15,7),(196,'Python','Поне си струва','2015-04-01 19:00:00','2015-04-01 19:00:00','2015-03-12 22:13:05','2015-03-12 22:13:05',1,15,7),(197,'Python','Поне си струва','2015-04-08 19:00:00','2015-04-08 19:00:00','2015-03-12 22:13:05','2015-03-12 22:13:05',1,15,7),(198,'Python','Поне си струва','2015-04-15 19:00:00','2015-04-15 19:00:00','2015-03-12 22:13:05','2015-03-12 22:13:05',1,15,7),(199,'Python','Поне си струва','2015-04-22 19:00:00','2015-04-22 19:00:00','2015-03-12 22:13:05','2015-03-12 22:13:05',1,15,7),(200,'Python','Поне си струва','2015-04-29 19:00:00','2015-04-29 19:00:00','2015-03-12 22:13:05','2015-03-12 22:13:05',1,15,7),(201,'Python','Поне си струва','2015-05-06 19:00:00','2015-05-06 19:00:00','2015-03-12 22:13:05','2015-03-12 22:13:05',1,15,7),(202,'Python','Поне си струва','2015-05-13 19:00:00','2015-05-13 19:00:00','2015-03-12 22:13:05','2015-03-12 22:13:05',1,15,7),(203,'Python','Поне си струва','2015-05-20 19:00:00','2015-05-20 19:00:00','2015-03-12 22:13:05','2015-03-12 22:13:05',1,15,7),(204,'Python','Поне си струва','2015-05-27 19:00:00','2015-05-27 19:00:00','2015-03-12 22:13:06','2015-03-12 22:13:06',1,15,7),(205,'Python','Поне си струва','2015-06-03 19:00:00','2015-06-03 19:00:00','2015-03-12 22:13:06','2015-03-12 22:13:06',1,15,7),(206,'Python','Поне си струва','2015-06-10 19:00:00','2015-06-10 19:00:00','2015-03-12 22:13:06','2015-03-12 22:13:06',1,15,7),(207,'Python','Поне си струва','2015-06-17 19:00:00','2015-06-17 19:00:00','2015-03-12 22:13:06','2015-03-12 22:13:06',1,15,7),(208,'Python','Поне си струва','2015-06-24 19:00:00','2015-06-24 19:00:00','2015-03-12 22:13:06','2015-03-12 22:13:06',1,15,7),(217,'Тренировка','Ходя да ми нанасят побой','2015-05-06 19:45:00','2015-05-06 19:45:00','2015-03-12 22:13:53','2015-03-12 22:13:53',1,8,7),(218,'Тренировка','Ходя да ми нанасят побой','2015-03-12 19:45:00','2015-03-12 21:00:00','2015-03-12 22:16:02','2015-03-12 22:16:02',1,8,7),(219,'Тренировка','Ходя да ми нанасят побой','2015-03-19 19:45:00','2015-03-19 19:45:00','2015-03-12 22:16:02','2015-03-12 22:16:02',1,8,7),(220,'Тренировка','Ходя да ми нанасят побой','2015-03-26 19:45:00','2015-03-26 19:45:00','2015-03-12 22:16:02','2015-03-12 22:16:02',1,8,7),(221,'Тренировка','Ходя да ми нанасят побой','2015-04-02 19:45:00','2015-04-02 19:45:00','2015-03-12 22:16:02','2015-03-12 22:16:02',1,8,7),(222,'Тренировка','Ходя да ми нанасят побой','2015-04-09 19:45:00','2015-04-09 19:45:00','2015-03-12 22:16:02','2015-03-12 22:16:02',1,8,7),(223,'Тренировка','Ходя да ми нанасят побой','2015-04-16 19:45:00','2015-04-16 19:45:00','2015-03-12 22:16:02','2015-03-12 22:16:02',1,8,7),(224,'Тренировка','Ходя да ми нанасят побой','2015-04-23 19:45:00','2015-04-23 19:45:00','2015-03-12 22:16:02','2015-03-12 22:16:03',1,8,7),(225,'Тренировка','Ходя да ми нанасят побой','2015-04-30 19:45:00','2015-04-30 19:45:00','2015-03-12 22:16:03','2015-03-12 22:16:03',1,8,7),(226,'Тренировка','Ходя да ми нанасят побой','2015-05-07 19:45:00','2015-05-07 19:45:00','2015-03-12 22:16:03','2015-03-12 22:16:03',1,8,7),(236,'ТУЕС','Ходя да си хабя нервите без да ми плащат','2015-05-14 08:00:00','2015-05-14 08:00:00','2015-03-12 22:17:23','2015-03-12 22:17:23',1,9,7),(237,'ТУЕС','Ходя да си хабя нервите без да ми плащат','2015-03-13 08:00:00','2015-03-13 11:00:00','2015-03-12 22:18:53','2015-03-12 22:18:53',1,8,7),(238,'ТУЕС','Ходя да си хабя нервите без да ми плащат','2015-03-20 08:00:00','2015-03-20 08:00:00','2015-03-12 22:18:53','2015-03-12 22:18:53',1,8,7),(239,'ТУЕС','Ходя да си хабя нервите без да ми плащат','2015-03-27 08:00:00','2015-03-27 08:00:00','2015-03-12 22:18:53','2015-03-12 22:18:53',1,8,7),(240,'ТУЕС','Ходя да си хабя нервите без да ми плащат','2015-04-03 08:00:00','2015-04-03 08:00:00','2015-03-12 22:18:53','2015-03-12 22:18:53',1,8,7),(241,'ТУЕС','Ходя да си хабя нервите без да ми плащат','2015-04-10 08:00:00','2015-04-10 08:00:00','2015-03-12 22:18:53','2015-03-12 22:18:53',1,8,7),(242,'ТУЕС','Ходя да си хабя нервите без да ми плащат','2015-04-17 08:00:00','2015-04-17 08:00:00','2015-03-12 22:18:53','2015-03-12 22:18:53',1,8,7),(243,'ТУЕС','Ходя да си хабя нервите без да ми плащат','2015-04-24 08:00:00','2015-04-24 08:00:00','2015-03-12 22:18:53','2015-03-12 22:18:53',1,8,7),(244,'ТУЕС','Ходя да си хабя нервите без да ми плащат','2015-05-01 08:00:00','2015-05-01 08:00:00','2015-03-12 22:18:53','2015-03-12 22:18:53',1,8,7),(245,'ТУЕС','Ходя да си хабя нервите без да ми плащат','2015-05-08 08:00:00','2015-05-08 08:00:00','2015-03-12 22:18:53','2015-03-12 22:18:53',1,8,7),(246,'ДИС II','Дис II зала 308','2015-03-09 09:00:00','2015-03-09 09:00:00','2015-03-12 23:09:54','2015-03-12 23:09:54',2,15,7),(247,'ДИС II','Дис II зала 308','2015-03-16 09:00:00','2015-03-16 09:00:00','2015-03-12 23:09:55','2015-03-12 23:09:55',2,15,7),(248,'ДИС II','Дис II зала 308','2015-03-23 09:00:00','2015-03-23 09:00:00','2015-03-12 23:09:55','2015-03-12 23:09:55',2,15,7),(249,'ДИС II','Дис II зала 308','2015-03-30 09:00:00','2015-03-30 09:00:00','2015-03-12 23:09:55','2015-03-12 23:09:55',2,15,7),(250,'ДИС II','Дис II зала 308','2015-04-06 09:00:00','2015-04-06 09:00:00','2015-03-12 23:09:55','2015-03-12 23:09:55',2,15,7),(251,'ДИС II','Дис II зала 308','2015-04-13 09:00:00','2015-04-13 09:00:00','2015-03-12 23:09:55','2015-03-12 23:09:55',2,15,7),(252,'ДИС II','Дис II зала 308','2015-04-20 09:00:00','2015-04-20 09:00:00','2015-03-12 23:09:55','2015-03-12 23:09:55',2,15,7),(253,'ДИС II','Дис II зала 308','2015-04-27 09:00:00','2015-04-27 09:00:00','2015-03-12 23:09:55','2015-03-12 23:09:55',2,15,7),(254,'ДИС II','Дис II зала 308','2015-05-04 09:00:00','2015-05-04 09:00:00','2015-03-12 23:09:55','2015-03-12 23:09:55',2,15,7),(255,'ДИС II','Дис II зала 308','2015-05-11 09:00:00','2015-05-11 09:00:00','2015-03-12 23:09:55','2015-03-12 23:09:56',2,15,7),(256,'ДИС II','Дис II зала 308','2015-05-18 09:00:00','2015-05-18 09:00:00','2015-03-12 23:09:56','2015-03-12 23:09:56',2,15,7),(257,'ДИС II','Дис II зала 308','2015-05-25 09:00:00','2015-05-25 09:00:00','2015-03-12 23:09:56','2015-03-12 23:09:56',2,15,7),(258,'ДИС II','Дис II зала 308','2015-06-01 09:00:00','2015-06-01 09:00:00','2015-03-12 23:09:56','2015-03-12 23:09:56',2,15,7),(259,'ДИС II','Дис II зала 308','2015-06-08 09:00:00','2015-06-08 09:00:00','2015-03-12 23:09:56','2015-03-12 23:09:56',2,15,7),(260,'ДИС II','Дис II зала 308','2015-06-15 09:00:00','2015-06-15 09:00:00','2015-03-12 23:09:56','2015-03-12 23:09:56',2,15,7),(261,'ДИС II','Дис II зала 308','2015-06-22 09:00:00','2015-06-22 09:00:00','2015-03-12 23:09:56','2015-03-12 23:09:56',2,15,7),(262,'ид ООП','Това поне е по-смислено','2015-03-09 11:00:00','2015-03-09 13:00:00','2015-03-12 23:10:43','2015-03-12 23:10:43',2,15,7),(263,'ид ООП','Това поне е по-смислено','2015-03-16 11:00:00','2015-03-16 11:00:00','2015-03-12 23:10:43','2015-03-12 23:10:43',2,15,7),(264,'ид ООП','Това поне е по-смислено','2015-03-23 11:00:00','2015-03-23 11:00:00','2015-03-12 23:10:43','2015-03-12 23:10:43',2,15,7),(265,'ид ООП','Това поне е по-смислено','2015-03-30 11:00:00','2015-03-30 11:00:00','2015-03-12 23:10:43','2015-03-12 23:10:43',2,15,7),(266,'ид ООП','Това поне е по-смислено','2015-04-06 11:00:00','2015-04-06 11:00:00','2015-03-12 23:10:43','2015-03-12 23:10:43',2,15,7),(267,'ид ООП','Това поне е по-смислено','2015-04-13 11:00:00','2015-04-13 11:00:00','2015-03-12 23:10:43','2015-03-12 23:10:43',2,15,7),(268,'ид ООП','Това поне е по-смислено','2015-04-20 11:00:00','2015-04-20 11:00:00','2015-03-12 23:10:43','2015-03-12 23:10:43',2,15,7),(269,'ид ООП','Това поне е по-смислено','2015-04-27 11:00:00','2015-04-27 11:00:00','2015-03-12 23:10:43','2015-03-12 23:10:44',2,15,7),(270,'ид ООП','Това поне е по-смислено','2015-05-04 11:00:00','2015-05-04 11:00:00','2015-03-12 23:10:44','2015-03-12 23:10:44',2,15,7),(271,'ид ООП','Това поне е по-смислено','2015-05-11 11:00:00','2015-05-11 11:00:00','2015-03-12 23:10:44','2015-03-12 23:10:44',2,15,7),(272,'ид ООП','Това поне е по-смислено','2015-05-18 11:00:00','2015-05-18 11:00:00','2015-03-12 23:10:44','2015-03-12 23:10:44',2,15,7),(273,'ид ООП','Това поне е по-смислено','2015-05-25 11:00:00','2015-05-25 11:00:00','2015-03-12 23:10:44','2015-03-12 23:10:44',2,15,7),(274,'ид ООП','Това поне е по-смислено','2015-06-01 11:00:00','2015-06-01 11:00:00','2015-03-12 23:10:44','2015-03-12 23:10:44',2,15,7),(275,'ид ООП','Това поне е по-смислено','2015-06-08 11:00:00','2015-06-08 11:00:00','2015-03-12 23:10:44','2015-03-12 23:10:44',2,15,7),(276,'ид ООП','Това поне е по-смислено','2015-06-15 11:00:00','2015-06-15 11:00:00','2015-03-12 23:10:45','2015-03-12 23:10:45',2,15,7),(277,'ид ООП','Това поне е по-смислено','2015-06-22 11:00:00','2015-06-22 11:00:00','2015-03-12 23:10:45','2015-03-12 23:10:45',2,15,7),(278,'ВА','Висша Алгебра с Дядото','2015-03-09 13:00:00','2015-03-09 16:00:00','2015-03-12 23:11:28','2015-03-12 23:11:28',2,15,7),(279,'ВА','Висша Алгебра с Дядото','2015-03-16 13:00:00','2015-03-16 13:00:00','2015-03-12 23:11:28','2015-03-12 23:11:28',2,15,7),(280,'ВА','Висша Алгебра с Дядото','2015-03-23 13:00:00','2015-03-23 13:00:00','2015-03-12 23:11:28','2015-03-12 23:11:28',2,15,7),(281,'ВА','Висша Алгебра с Дядото','2015-03-30 13:00:00','2015-03-30 13:00:00','2015-03-12 23:11:29','2015-03-12 23:11:29',2,15,7),(282,'ВА','Висша Алгебра с Дядото','2015-04-06 13:00:00','2015-04-06 13:00:00','2015-03-12 23:11:29','2015-03-12 23:11:29',2,15,7),(283,'ВА','Висша Алгебра с Дядото','2015-04-13 13:00:00','2015-04-13 13:00:00','2015-03-12 23:11:29','2015-03-12 23:11:29',2,15,7),(284,'ВА','Висша Алгебра с Дядото','2015-04-20 13:00:00','2015-04-20 13:00:00','2015-03-12 23:11:29','2015-03-12 23:11:29',2,15,7),(285,'ВА','Висша Алгебра с Дядото','2015-04-27 13:00:00','2015-04-27 13:00:00','2015-03-12 23:11:29','2015-03-12 23:11:29',2,15,7),(286,'ВА','Висша Алгебра с Дядото','2015-05-04 13:00:00','2015-05-04 13:00:00','2015-03-12 23:11:29','2015-03-12 23:11:29',2,15,7),(287,'ВА','Висша Алгебра с Дядото','2015-05-11 13:00:00','2015-05-11 13:00:00','2015-03-12 23:11:29','2015-03-12 23:11:29',2,15,7),(288,'ВА','Висша Алгебра с Дядото','2015-05-18 13:00:00','2015-05-18 13:00:00','2015-03-12 23:11:29','2015-03-12 23:11:29',2,15,7),(289,'ВА','Висша Алгебра с Дядото','2015-05-25 13:00:00','2015-05-25 13:00:00','2015-03-12 23:11:29','2015-03-12 23:11:29',2,15,7),(290,'ВА','Висша Алгебра с Дядото','2015-06-01 13:00:00','2015-06-01 13:00:00','2015-03-12 23:11:29','2015-03-12 23:11:29',2,15,7),(291,'ВА','Висша Алгебра с Дядото','2015-06-08 13:00:00','2015-06-08 13:00:00','2015-03-12 23:11:29','2015-03-12 23:11:29',2,15,7),(292,'ВА','Висша Алгебра с Дядото','2015-06-15 13:00:00','2015-06-15 13:00:00','2015-03-12 23:11:29','2015-03-12 23:11:29',2,15,7),(293,'ВА','Висша Алгебра с Дядото','2015-06-22 13:00:00','2015-06-22 13:00:00','2015-03-12 23:11:30','2015-03-12 23:11:30',2,15,7),(294,'ДИС II','Тоя шмингел го мразя','2015-03-10 09:00:00','2015-03-10 11:00:00','2015-03-12 23:12:09','2015-03-12 23:12:09',2,15,7),(295,'ДИС II','Тоя шмингел го мразя','2015-03-17 09:00:00','2015-03-17 09:00:00','2015-03-12 23:12:09','2015-03-12 23:12:09',2,15,7),(296,'ДИС II','Тоя шмингел го мразя','2015-03-24 09:00:00','2015-03-24 09:00:00','2015-03-12 23:12:09','2015-03-12 23:12:09',2,15,7),(297,'ДИС II','Тоя шмингел го мразя','2015-03-31 09:00:00','2015-03-31 09:00:00','2015-03-12 23:12:09','2015-03-12 23:12:09',2,15,7),(298,'ДИС II','Тоя шмингел го мразя','2015-04-07 09:00:00','2015-04-07 09:00:00','2015-03-12 23:12:09','2015-03-12 23:12:09',2,15,7),(299,'ДИС II','Тоя шмингел го мразя','2015-04-14 09:00:00','2015-04-14 09:00:00','2015-03-12 23:12:09','2015-03-12 23:12:09',2,15,7),(300,'ДИС II','Тоя шмингел го мразя','2015-04-21 09:00:00','2015-04-21 09:00:00','2015-03-12 23:12:09','2015-03-12 23:12:09',2,15,7),(301,'ДИС II','Тоя шмингел го мразя','2015-04-28 09:00:00','2015-04-28 09:00:00','2015-03-12 23:12:09','2015-03-12 23:12:09',2,15,7),(302,'ДИС II','Тоя шмингел го мразя','2015-05-05 09:00:00','2015-05-05 09:00:00','2015-03-12 23:12:09','2015-03-12 23:12:10',2,15,7),(303,'ДИС II','Тоя шмингел го мразя','2015-05-12 09:00:00','2015-05-12 09:00:00','2015-03-12 23:12:10','2015-03-12 23:12:10',2,15,7),(304,'ДИС II','Тоя шмингел го мразя','2015-05-19 09:00:00','2015-05-19 09:00:00','2015-03-12 23:12:10','2015-03-12 23:12:10',2,15,7),(305,'ДИС II','Тоя шмингел го мразя','2015-05-26 09:00:00','2015-05-26 09:00:00','2015-03-12 23:12:10','2015-03-12 23:12:10',2,15,7),(306,'ДИС II','Тоя шмингел го мразя','2015-06-02 09:00:00','2015-06-02 09:00:00','2015-03-12 23:12:10','2015-03-12 23:12:10',2,15,7),(307,'ДИС II','Тоя шмингел го мразя','2015-06-09 09:00:00','2015-06-09 09:00:00','2015-03-12 23:12:10','2015-03-12 23:12:10',2,15,7),(308,'ДИС II','Тоя шмингел го мразя','2015-06-16 09:00:00','2015-06-16 09:00:00','2015-03-12 23:12:10','2015-03-12 23:12:10',2,15,7),(309,'ДИС II','Тоя шмингел го мразя','2015-06-23 09:00:00','2015-06-23 09:00:00','2015-03-12 23:12:10','2015-03-12 23:12:10',2,15,7),(310,'ООП','Семерджиев е добър','2015-03-10 11:00:00','2015-03-10 14:00:00','2015-03-12 23:12:52','2015-03-12 23:12:52',2,15,7),(311,'ООП','Семерджиев е добър','2015-03-17 11:00:00','2015-03-17 11:00:00','2015-03-12 23:12:52','2015-03-12 23:12:52',2,15,7),(312,'ООП','Семерджиев е добър','2015-03-24 11:00:00','2015-03-24 11:00:00','2015-03-12 23:12:52','2015-03-12 23:12:52',2,15,7),(313,'ООП','Семерджиев е добър','2015-03-31 11:00:00','2015-03-31 11:00:00','2015-03-12 23:12:52','2015-03-12 23:12:52',2,15,7),(314,'ООП','Семерджиев е добър','2015-04-07 11:00:00','2015-04-07 11:00:00','2015-03-12 23:12:52','2015-03-12 23:12:52',2,15,7),(315,'ООП','Семерджиев е добър','2015-04-14 11:00:00','2015-04-14 11:00:00','2015-03-12 23:12:52','2015-03-12 23:12:52',2,15,7),(316,'ООП','Семерджиев е добър','2015-04-21 11:00:00','2015-04-21 11:00:00','2015-03-12 23:12:52','2015-03-12 23:12:52',2,15,7),(317,'ООП','Семерджиев е добър','2015-04-28 11:00:00','2015-04-28 11:00:00','2015-03-12 23:12:52','2015-03-12 23:12:52',2,15,7),(318,'ООП','Семерджиев е добър','2015-05-05 11:00:00','2015-05-05 11:00:00','2015-03-12 23:12:52','2015-03-12 23:12:52',2,15,7),(319,'ООП','Семерджиев е добър','2015-05-12 11:00:00','2015-05-12 11:00:00','2015-03-12 23:12:52','2015-03-12 23:12:52',2,15,7),(320,'ООП','Семерджиев е добър','2015-05-19 11:00:00','2015-05-19 11:00:00','2015-03-12 23:12:53','2015-03-12 23:12:53',2,15,7),(321,'ООП','Семерджиев е добър','2015-05-26 11:00:00','2015-05-26 11:00:00','2015-03-12 23:12:53','2015-03-12 23:12:53',2,15,7),(322,'ООП','Семерджиев е добър','2015-06-02 11:00:00','2015-06-02 11:00:00','2015-03-12 23:12:53','2015-03-12 23:12:53',2,15,7),(323,'ООП','Семерджиев е добър','2015-06-09 11:00:00','2015-06-09 11:00:00','2015-03-12 23:12:53','2015-03-12 23:12:53',2,15,7),(324,'ООП','Семерджиев е добър','2015-06-16 11:00:00','2015-06-16 11:00:00','2015-03-12 23:12:53','2015-03-12 23:12:53',2,15,7),(325,'ООП','Семерджиев е добър','2015-06-23 11:00:00','2015-06-23 11:00:00','2015-03-12 23:12:53','2015-03-12 23:12:53',2,15,7),(326,'ООП практикум','Армянов си ги знае нещата','2015-03-11 08:00:00','2015-03-11 10:00:00','2015-03-12 23:14:11','2015-03-12 23:14:11',2,15,7),(327,'ООП практикум','Армянов си ги знае нещата','2015-03-18 08:00:00','2015-03-18 08:00:00','2015-03-12 23:14:11','2015-03-12 23:14:11',2,15,7),(328,'ООП практикум','Армянов си ги знае нещата','2015-03-25 08:00:00','2015-03-25 08:00:00','2015-03-12 23:14:11','2015-03-12 23:14:11',2,15,7),(329,'ООП практикум','Армянов си ги знае нещата','2015-04-01 08:00:00','2015-04-01 08:00:00','2015-03-12 23:14:11','2015-03-12 23:14:11',2,15,7),(330,'ООП практикум','Армянов си ги знае нещата','2015-04-08 08:00:00','2015-04-08 08:00:00','2015-03-12 23:14:11','2015-03-12 23:14:12',2,15,7),(331,'ООП практикум','Армянов си ги знае нещата','2015-04-15 08:00:00','2015-04-15 08:00:00','2015-03-12 23:14:12','2015-03-12 23:14:12',2,15,7),(332,'ООП практикум','Армянов си ги знае нещата','2015-04-22 08:00:00','2015-04-22 08:00:00','2015-03-12 23:14:12','2015-03-12 23:14:12',2,15,7),(333,'ООП практикум','Армянов си ги знае нещата','2015-04-29 08:00:00','2015-04-29 08:00:00','2015-03-12 23:14:12','2015-03-12 23:14:12',2,15,7),(334,'ООП практикум','Армянов си ги знае нещата','2015-05-06 08:00:00','2015-05-06 08:00:00','2015-03-12 23:14:12','2015-03-12 23:14:12',2,15,7),(335,'ООП практикум','Армянов си ги знае нещата','2015-05-13 08:00:00','2015-05-13 08:00:00','2015-03-12 23:14:12','2015-03-12 23:14:12',2,15,7),(336,'ООП практикум','Армянов си ги знае нещата','2015-05-20 08:00:00','2015-05-20 08:00:00','2015-03-12 23:14:12','2015-03-12 23:14:12',2,15,7),(337,'ООП практикум','Армянов си ги знае нещата','2015-05-27 08:00:00','2015-05-27 08:00:00','2015-03-12 23:14:12','2015-03-12 23:14:12',2,15,7),(338,'ООП практикум','Армянов си ги знае нещата','2015-06-03 08:00:00','2015-06-03 08:00:00','2015-03-12 23:14:12','2015-03-12 23:14:12',2,15,7),(339,'ООП практикум','Армянов си ги знае нещата','2015-06-10 08:00:00','2015-06-10 08:00:00','2015-03-12 23:14:12','2015-03-12 23:14:12',2,15,7),(340,'ООП практикум','Армянов си ги знае нещата','2015-06-17 08:00:00','2015-06-17 08:00:00','2015-03-12 23:14:12','2015-03-12 23:14:12',2,15,7),(341,'ООП практикум','Армянов си ги знае нещата','2015-06-24 08:00:00','2015-06-24 08:00:00','2015-03-12 23:14:12','2015-03-12 23:14:12',2,15,7),(342,'Дискретни Структури','Всичките от катедра алгебра са малко смахнати','2015-03-11 10:00:00','2015-03-11 13:00:00','2015-03-12 23:15:11','2015-03-12 23:15:12',2,15,7),(343,'Дискретни Структури','Всичките от катедра алгебра са малко смахнати','2015-03-18 10:00:00','2015-03-18 10:00:00','2015-03-12 23:15:12','2015-03-12 23:15:12',2,15,7),(344,'Дискретни Структури','Всичките от катедра алгебра са малко смахнати','2015-03-25 10:00:00','2015-03-25 10:00:00','2015-03-12 23:15:12','2015-03-12 23:15:12',2,15,7),(345,'Дискретни Структури','Всичките от катедра алгебра са малко смахнати','2015-04-01 10:00:00','2015-04-01 10:00:00','2015-03-12 23:15:12','2015-03-12 23:15:12',2,15,7),(346,'Дискретни Структури','Всичките от катедра алгебра са малко смахнати','2015-04-08 10:00:00','2015-04-08 10:00:00','2015-03-12 23:15:12','2015-03-12 23:15:12',2,15,7),(347,'Дискретни Структури','Всичките от катедра алгебра са малко смахнати','2015-04-15 10:00:00','2015-04-15 10:00:00','2015-03-12 23:15:12','2015-03-12 23:15:12',2,15,7),(348,'Дискретни Структури','Всичките от катедра алгебра са малко смахнати','2015-04-22 10:00:00','2015-04-22 10:00:00','2015-03-12 23:15:12','2015-03-12 23:15:12',2,15,7),(349,'Дискретни Структури','Всичките от катедра алгебра са малко смахнати','2015-04-29 10:00:00','2015-04-29 10:00:00','2015-03-12 23:15:12','2015-03-12 23:15:12',2,15,7),(350,'Дискретни Структури','Всичките от катедра алгебра са малко смахнати','2015-05-06 10:00:00','2015-05-06 10:00:00','2015-03-12 23:15:12','2015-03-12 23:15:12',2,15,7),(351,'Дискретни Структури','Всичките от катедра алгебра са малко смахнати','2015-05-13 10:00:00','2015-05-13 10:00:00','2015-03-12 23:15:12','2015-03-12 23:15:12',2,15,7),(352,'Дискретни Структури','Всичките от катедра алгебра са малко смахнати','2015-05-20 10:00:00','2015-05-20 10:00:00','2015-03-12 23:15:12','2015-03-12 23:15:12',2,15,7),(353,'Дискретни Структури','Всичките от катедра алгебра са малко смахнати','2015-05-27 10:00:00','2015-05-27 10:00:00','2015-03-12 23:15:12','2015-03-12 23:15:13',2,15,7),(354,'Дискретни Структури','Всичките от катедра алгебра са малко смахнати','2015-06-03 10:00:00','2015-06-03 10:00:00','2015-03-12 23:15:13','2015-03-12 23:15:13',2,15,7),(355,'Дискретни Структури','Всичките от катедра алгебра са малко смахнати','2015-06-10 10:00:00','2015-06-10 10:00:00','2015-03-12 23:15:13','2015-03-12 23:15:13',2,15,7),(356,'Дискретни Структури','Всичките от катедра алгебра са малко смахнати','2015-06-17 10:00:00','2015-06-17 10:00:00','2015-03-12 23:15:13','2015-03-12 23:15:13',2,15,7),(357,'Дискретни Структури','Всичките от катедра алгебра са малко смахнати','2015-06-24 10:00:00','2015-06-24 10:00:00','2015-03-12 23:15:13','2015-03-12 23:15:13',2,15,7),(358,'ВА','Ама тоя е най-смахнатия','2015-03-11 13:00:00','2015-03-11 16:00:00','2015-03-12 23:15:51','2015-03-12 23:15:51',2,15,7),(359,'ВА','Ама тоя е най-смахнатия','2015-03-18 13:00:00','2015-03-18 13:00:00','2015-03-12 23:15:51','2015-03-12 23:15:51',2,15,7),(360,'ВА','Ама тоя е най-смахнатия','2015-03-25 13:00:00','2015-03-25 13:00:00','2015-03-12 23:15:51','2015-03-12 23:15:51',2,15,7),(361,'ВА','Ама тоя е най-смахнатия','2015-04-01 13:00:00','2015-04-01 13:00:00','2015-03-12 23:15:51','2015-03-12 23:15:51',2,15,7),(362,'ВА','Ама тоя е най-смахнатия','2015-04-08 13:00:00','2015-04-08 13:00:00','2015-03-12 23:15:51','2015-03-12 23:15:51',2,15,7),(363,'ВА','Ама тоя е най-смахнатия','2015-04-15 13:00:00','2015-04-15 13:00:00','2015-03-12 23:15:52','2015-03-12 23:15:52',2,15,7),(364,'ВА','Ама тоя е най-смахнатия','2015-04-22 13:00:00','2015-04-22 13:00:00','2015-03-12 23:15:52','2015-03-12 23:15:52',2,15,7),(365,'ВА','Ама тоя е най-смахнатия','2015-04-29 13:00:00','2015-04-29 13:00:00','2015-03-12 23:15:52','2015-03-12 23:15:52',2,15,7),(366,'ВА','Ама тоя е най-смахнатия','2015-05-06 13:00:00','2015-05-06 13:00:00','2015-03-12 23:15:52','2015-03-12 23:15:52',2,15,7),(367,'ВА','Ама тоя е най-смахнатия','2015-05-13 13:00:00','2015-05-13 13:00:00','2015-03-12 23:15:52','2015-03-12 23:15:52',2,15,7),(368,'ВА','Ама тоя е най-смахнатия','2015-05-20 13:00:00','2015-05-20 13:00:00','2015-03-12 23:15:52','2015-03-12 23:15:52',2,15,7),(369,'ВА','Ама тоя е най-смахнатия','2015-05-27 13:00:00','2015-05-27 13:00:00','2015-03-12 23:15:52','2015-03-12 23:15:52',2,15,7),(370,'ВА','Ама тоя е най-смахнатия','2015-06-03 13:00:00','2015-06-03 13:00:00','2015-03-12 23:15:52','2015-03-12 23:15:52',2,15,7),(371,'ВА','Ама тоя е най-смахнатия','2015-06-10 13:00:00','2015-06-10 13:00:00','2015-03-12 23:15:52','2015-03-12 23:15:52',2,15,7),(372,'ВА','Ама тоя е най-смахнатия','2015-06-17 13:00:00','2015-06-17 13:00:00','2015-03-12 23:15:52','2015-03-12 23:15:52',2,15,7),(373,'ВА','Ама тоя е най-смахнатия','2015-06-24 13:00:00','2015-06-24 13:00:00','2015-03-12 23:15:52','2015-03-12 23:15:52',2,15,7),(374,'ДИС II','Шмингела е това','2015-03-12 09:00:00','2015-03-12 11:00:00','2015-03-12 23:16:51','2015-03-12 23:16:51',2,15,7),(375,'ДИС II','Шмингела е това','2015-03-19 09:00:00','2015-03-19 09:00:00','2015-03-12 23:16:51','2015-03-12 23:16:51',2,15,7),(376,'ДИС II','Шмингела е това','2015-03-26 09:00:00','2015-03-26 09:00:00','2015-03-12 23:16:51','2015-03-12 23:16:51',2,15,7),(377,'ДИС II','Шмингела е това','2015-04-02 09:00:00','2015-04-02 09:00:00','2015-03-12 23:16:51','2015-03-12 23:16:51',2,15,7),(378,'ДИС II','Шмингела е това','2015-04-09 09:00:00','2015-04-09 09:00:00','2015-03-12 23:16:51','2015-03-12 23:16:51',2,15,7),(379,'ДИС II','Шмингела е това','2015-04-16 09:00:00','2015-04-16 09:00:00','2015-03-12 23:16:51','2015-03-12 23:16:52',2,15,7),(380,'ДИС II','Шмингела е това','2015-04-23 09:00:00','2015-04-23 09:00:00','2015-03-12 23:16:52','2015-03-12 23:16:52',2,15,7),(381,'ДИС II','Шмингела е това','2015-04-30 09:00:00','2015-04-30 09:00:00','2015-03-12 23:16:52','2015-03-12 23:16:52',2,15,7),(382,'ДИС II','Шмингела е това','2015-05-07 09:00:00','2015-05-07 09:00:00','2015-03-12 23:16:52','2015-03-12 23:16:52',2,15,7),(383,'ДИС II','Шмингела е това','2015-05-14 09:00:00','2015-05-14 09:00:00','2015-03-12 23:16:52','2015-03-12 23:16:52',2,15,7),(384,'ДИС II','Шмингела е това','2015-05-21 09:00:00','2015-05-21 09:00:00','2015-03-12 23:16:52','2015-03-12 23:16:52',2,15,7),(385,'ДИС II','Шмингела е това','2015-05-28 09:00:00','2015-05-28 09:00:00','2015-03-12 23:16:52','2015-03-12 23:16:52',2,15,7),(386,'ДИС II','Шмингела е това','2015-06-04 09:00:00','2015-06-04 09:00:00','2015-03-12 23:16:52','2015-03-12 23:16:52',2,15,7),(387,'ДИС II','Шмингела е това','2015-06-11 09:00:00','2015-06-11 09:00:00','2015-03-12 23:16:52','2015-03-12 23:16:52',2,15,7),(388,'ДИС II','Шмингела е това','2015-06-18 09:00:00','2015-06-18 09:00:00','2015-03-12 23:16:52','2015-03-12 23:16:52',2,15,7),(389,'ДИС II','Шмингела е това','2015-06-25 09:00:00','2015-06-25 09:00:00','2015-03-12 23:16:52','2015-03-12 23:16:52',2,15,7),(390,'Дискретни Структури','Този е пич...май, но 3 часа си пръскам мозъка направо','2015-03-12 11:00:00','2015-03-12 14:00:00','2015-03-12 23:17:40','2015-03-12 23:17:40',2,15,7),(391,'Дискретни Структури','Този е пич...май, но 3 часа си пръскам мозъка направо','2015-03-19 11:00:00','2015-03-19 11:00:00','2015-03-12 23:17:40','2015-03-12 23:17:40',2,15,7),(392,'Дискретни Структури','Този е пич...май, но 3 часа си пръскам мозъка направо','2015-03-26 11:00:00','2015-03-26 11:00:00','2015-03-12 23:17:40','2015-03-12 23:17:40',2,15,7),(393,'Дискретни Структури','Този е пич...май, но 3 часа си пръскам мозъка направо','2015-04-02 11:00:00','2015-04-02 11:00:00','2015-03-12 23:17:40','2015-03-12 23:17:41',2,15,7),(394,'Дискретни Структури','Този е пич...май, но 3 часа си пръскам мозъка направо','2015-04-09 11:00:00','2015-04-09 11:00:00','2015-03-12 23:17:41','2015-03-12 23:17:41',2,15,7),(395,'Дискретни Структури','Този е пич...май, но 3 часа си пръскам мозъка направо','2015-04-16 11:00:00','2015-04-16 11:00:00','2015-03-12 23:17:41','2015-03-12 23:17:41',2,15,7),(396,'Дискретни Структури','Този е пич...май, но 3 часа си пръскам мозъка направо','2015-04-23 11:00:00','2015-04-23 11:00:00','2015-03-12 23:17:41','2015-03-12 23:17:41',2,15,7),(397,'Дискретни Структури','Този е пич...май, но 3 часа си пръскам мозъка направо','2015-04-30 11:00:00','2015-04-30 11:00:00','2015-03-12 23:17:41','2015-03-12 23:17:41',2,15,7),(398,'Дискретни Структури','Този е пич...май, но 3 часа си пръскам мозъка направо','2015-05-07 11:00:00','2015-05-07 11:00:00','2015-03-12 23:17:41','2015-03-12 23:17:41',2,15,7),(399,'Дискретни Структури','Този е пич...май, но 3 часа си пръскам мозъка направо','2015-05-14 11:00:00','2015-05-14 11:00:00','2015-03-12 23:17:41','2015-03-12 23:17:41',2,15,7),(400,'Дискретни Структури','Този е пич...май, но 3 часа си пръскам мозъка направо','2015-05-21 11:00:00','2015-05-21 11:00:00','2015-03-12 23:17:41','2015-03-12 23:17:41',2,15,7),(401,'Дискретни Структури','Този е пич...май, но 3 часа си пръскам мозъка направо','2015-05-28 11:00:00','2015-05-28 11:00:00','2015-03-12 23:17:41','2015-03-12 23:17:41',2,15,7),(402,'Дискретни Структури','Този е пич...май, но 3 часа си пръскам мозъка направо','2015-06-04 11:00:00','2015-06-04 11:00:00','2015-03-12 23:17:41','2015-03-12 23:17:41',2,15,7),(403,'Дискретни Структури','Този е пич...май, но 3 часа си пръскам мозъка направо','2015-06-11 11:00:00','2015-06-11 11:00:00','2015-03-12 23:17:41','2015-03-12 23:17:41',2,15,7),(404,'Дискретни Структури','Този е пич...май, но 3 часа си пръскам мозъка направо','2015-06-18 11:00:00','2015-06-18 11:00:00','2015-03-12 23:17:41','2015-03-12 23:17:42',2,15,7),(405,'Дискретни Структури','Този е пич...май, но 3 часа си пръскам мозъка направо','2015-06-25 11:00:00','2015-06-25 11:00:00','2015-03-12 23:17:42','2015-03-12 23:17:42',2,15,7),(406,'ДИС II','Този ми прилича на вампир','2015-03-12 14:00:00','2015-03-12 16:00:00','2015-03-12 23:18:43','2015-03-12 23:18:43',2,15,7),(407,'ДИС II','Този ми прилича на вампир','2015-03-19 14:00:00','2015-03-19 14:00:00','2015-03-12 23:18:43','2015-03-12 23:18:43',2,15,7),(408,'ДИС II','Този ми прилича на вампир','2015-03-26 14:00:00','2015-03-26 14:00:00','2015-03-12 23:18:43','2015-03-12 23:18:43',2,15,7),(409,'ДИС II','Този ми прилича на вампир','2015-04-02 14:00:00','2015-04-02 14:00:00','2015-03-12 23:18:43','2015-03-12 23:18:43',2,15,7),(410,'ДИС II','Този ми прилича на вампир','2015-04-09 14:00:00','2015-04-09 14:00:00','2015-03-12 23:18:43','2015-03-12 23:18:43',2,15,7),(411,'ДИС II','Този ми прилича на вампир','2015-04-16 14:00:00','2015-04-16 14:00:00','2015-03-12 23:18:43','2015-03-12 23:18:43',2,15,7),(412,'ДИС II','Този ми прилича на вампир','2015-04-23 14:00:00','2015-04-23 14:00:00','2015-03-12 23:18:43','2015-03-12 23:18:43',2,15,7),(413,'ДИС II','Този ми прилича на вампир','2015-04-30 14:00:00','2015-04-30 14:00:00','2015-03-12 23:18:43','2015-03-12 23:18:43',2,15,7),(414,'ДИС II','Този ми прилича на вампир','2015-05-07 14:00:00','2015-05-07 14:00:00','2015-03-12 23:18:43','2015-03-12 23:18:44',2,15,7),(415,'ДИС II','Този ми прилича на вампир','2015-05-14 14:00:00','2015-05-14 14:00:00','2015-03-12 23:18:44','2015-03-12 23:18:44',2,15,7),(416,'ДИС II','Този ми прилича на вампир','2015-05-21 14:00:00','2015-05-21 14:00:00','2015-03-12 23:18:44','2015-03-12 23:18:44',2,15,7),(417,'ДИС II','Този ми прилича на вампир','2015-05-28 14:00:00','2015-05-28 14:00:00','2015-03-12 23:18:44','2015-03-12 23:18:44',2,15,7),(418,'ДИС II','Този ми прилича на вампир','2015-06-04 14:00:00','2015-06-04 14:00:00','2015-03-12 23:18:44','2015-03-12 23:18:44',2,15,7),(419,'ДИС II','Този ми прилича на вампир','2015-06-11 14:00:00','2015-06-11 14:00:00','2015-03-12 23:18:44','2015-03-12 23:18:44',2,15,7),(420,'ДИС II','Този ми прилича на вампир','2015-06-18 14:00:00','2015-06-18 14:00:00','2015-03-12 23:18:44','2015-03-12 23:18:44',2,15,7),(421,'ДИС II','Този ми прилича на вампир','2015-06-25 14:00:00','2015-06-25 14:00:00','2015-03-12 23:18:44','2015-03-12 23:18:44',2,15,7);
/*!40000 ALTER TABLE `events` ENABLE KEYS */;
UNLOCK TABLES;

--
-- Table structure for table `groups`
--

DROP TABLE IF EXISTS `groups`;
/*!40101 SET @saved_cs_client     = @@character_set_client */;
/*!40101 SET character_set_client = utf8 */;
CREATE TABLE `groups` (
  `id` int(11) NOT NULL AUTO_INCREMENT,
  `name` varchar(255) COLLATE utf8_unicode_ci DEFAULT NULL,
  `created_at` datetime DEFAULT NULL,
  `updated_at` datetime DEFAULT NULL,
  PRIMARY KEY (`id`)
) ENGINE=InnoDB AUTO_INCREMENT=5 DEFAULT CHARSET=utf8 COLLATE=utf8_unicode_ci;
/*!40101 SET character_set_client = @saved_cs_client */;

--
-- Dumping data for table `groups`
--

LOCK TABLES `groups` WRITE;
/*!40000 ALTER TABLE `groups` DISABLE KEYS */;
INSERT INTO `groups` VALUES (1,'ПМ 2 Група',NULL,NULL),(2,'Информатика 3 Група',NULL,NULL),(3,'ПМ 1 Група',NULL,NULL),(4,'Информатика 1 Група',NULL,NULL);
/*!40000 ALTER TABLE `groups` ENABLE KEYS */;
UNLOCK TABLES;

--
-- Table structure for table `groups_users`
--

DROP TABLE IF EXISTS `groups_users`;
/*!40101 SET @saved_cs_client     = @@character_set_client */;
/*!40101 SET character_set_client = utf8 */;
CREATE TABLE `groups_users` (
  `id` int(11) NOT NULL AUTO_INCREMENT,
  `user_id` int(11) DEFAULT NULL,
  `group_id` int(11) DEFAULT NULL,
  PRIMARY KEY (`id`)
) ENGINE=InnoDB AUTO_INCREMENT=4 DEFAULT CHARSET=utf8 COLLATE=utf8_unicode_ci;
/*!40101 SET character_set_client = @saved_cs_client */;

--
-- Dumping data for table `groups_users`
--

LOCK TABLES `groups_users` WRITE;
/*!40000 ALTER TABLE `groups_users` DISABLE KEYS */;
INSERT INTO `groups_users` VALUES (1,1,1),(3,2,2);
/*!40000 ALTER TABLE `groups_users` ENABLE KEYS */;
UNLOCK TABLES;

--
-- Table structure for table `tasks`
--

DROP TABLE IF EXISTS `tasks`;
/*!40101 SET @saved_cs_client     = @@character_set_client */;
/*!40101 SET character_set_client = utf8 */;
CREATE TABLE `tasks` (
  `id` int(11) NOT NULL AUTO_INCREMENT,
  `title` varchar(255) COLLATE utf8_unicode_ci DEFAULT NULL,
  `description` text COLLATE utf8_unicode_ci,
  `event_id` int(11) DEFAULT NULL,
  `created_at` datetime DEFAULT NULL,
  `updated_at` datetime DEFAULT NULL,
  PRIMARY KEY (`id`)
) ENGINE=InnoDB AUTO_INCREMENT=3 DEFAULT CHARSET=utf8 COLLATE=utf8_unicode_ci;
/*!40101 SET character_set_client = @saved_cs_client */;

--
-- Dumping data for table `tasks`
--

LOCK TABLES `tasks` WRITE;
/*!40000 ALTER TABLE `tasks` DISABLE KEYS */;
INSERT INTO `tasks` VALUES (1,'Домашно','Домашно №1 да се предаде',33,'2015-03-12 22:00:51','2015-03-12 22:00:51'),(2,'ФХФ','Лекциите са във ФХФ 210',1,'2015-03-12 22:01:44','2015-03-12 22:01:44');
/*!40000 ALTER TABLE `tasks` ENABLE KEYS */;
UNLOCK TABLES;

--
-- Table structure for table `users`
--

DROP TABLE IF EXISTS `users`;
/*!40101 SET @saved_cs_client     = @@character_set_client */;
/*!40101 SET character_set_client = utf8 */;
CREATE TABLE `users` (
  `id` int(11) NOT NULL AUTO_INCREMENT,
  `email` varchar(255) COLLATE utf8_unicode_ci NOT NULL DEFAULT '',
  `encrypted_password` varchar(255) COLLATE utf8_unicode_ci NOT NULL DEFAULT '',
  `created_at` datetime DEFAULT NULL,
  `updated_at` datetime DEFAULT NULL,
  `name` varchar(255) COLLATE utf8_unicode_ci DEFAULT NULL,
  PRIMARY KEY (`id`),
  UNIQUE KEY `index_users_on_email` (`email`)
) ENGINE=InnoDB AUTO_INCREMENT=4 DEFAULT CHARSET=utf8 COLLATE=utf8_unicode_ci;
/*!40101 SET character_set_client = @saved_cs_client */;

--
-- Dumping data for table `users`
--

LOCK TABLES `users` WRITE;
/*!40000 ALTER TABLE `users` DISABLE KEYS */;
INSERT INTO `users` VALUES (1,'a@abv.bg','12345678','2015-03-12 21:55:38','2015-03-12 21:55:38','Someone'),(2,'b@abv.bg','12345678','2015-03-12 21:55:38','2015-03-12 21:55:38','Кирчо Петров'),(3,'c@abv.bg','12345678','2015-03-13 02:43:12','2015-03-13 02:43:12','Пешо');
/*!40000 ALTER TABLE `users` ENABLE KEYS */;
UNLOCK TABLES;
/*!40103 SET TIME_ZONE=@OLD_TIME_ZONE */;

/*!40101 SET SQL_MODE=@OLD_SQL_MODE */;
/*!40014 SET FOREIGN_KEY_CHECKS=@OLD_FOREIGN_KEY_CHECKS */;
/*!40014 SET UNIQUE_CHECKS=@OLD_UNIQUE_CHECKS */;
/*!40101 SET CHARACTER_SET_CLIENT=@OLD_CHARACTER_SET_CLIENT */;
/*!40101 SET CHARACTER_SET_RESULTS=@OLD_CHARACTER_SET_RESULTS */;
/*!40101 SET COLLATION_CONNECTION=@OLD_COLLATION_CONNECTION */;
/*!40111 SET SQL_NOTES=@OLD_SQL_NOTES */;

-- Dump completed on 2015-03-13  3:13:50
